,Наименование товара, Цена,Изображение,Статус, Производитель
,Super Minds. Level 4. Workbook with Online Resources,1210.00,701132.jpg,2,38
,Super Minds. Workbook 2 with Online Resources,1200.00,701128.jpg,1,38
,Eyes Open. Level 3. Student's Book,1350.00,700890.jpg,1,38
,Advanced Grammar in Use. Book without Answers,1850.00,700673.jpg,1,38
,Английский на каждый день,670.00,698477.jpg,1,17
,English for Everyone. English Vocabulary Builder,1980.00,715802.jpg,1,5
,Cracking GMAT Premium 2020 Edition. 6 Practice Tests,3140.00,724652.jpg,1,1
,Учебник английского языка. Полный курс,1000.00,729944.jpg,1,36
,"Английский без страха для тех, кому за...",290.00,720888.jpg,1,17
,Grammarway 2. Teacher's Book. Elementary,910.00,702075.jpg,1,8
,Tree or Three? An elementary pronunciation course,1870.00,701141.jpg,1,38
,Prism Reading. Intro. Student's Book,2930.00,699858.jpg,1,38
,Think. Level 3. B1+. Student's Book,1640.00,701135.jpg,1,38
,Учим английский язык с енотами-полиглотами,340.00,724934.jpg,1,17
,Super Minds. Workbook 1 with Online Resources,1230.00,701125.jpg,1,38
,Говори как английская королева. The Queen's English and how to use it,420.00,699791.jpg,1,17
,Dive in! Blue,630.00,729198.jpg,1,6
,Вся грамматика английского языка в таблицах. Учебное пособие,390.00,716788.jpg,1,47
,New Enterprise A2. Workbook with digibook app,1220.00,701884.jpg,1,8
,Eyes Open Level 1 Student's Book,1340.00,700889.jpg,1,38
,Английский язык. Популярный иллюстрированный самоучитель,400.00,726891.jpg,1,17
,Grammarway 1. Book with Answers. Beginner,1270.00,702074.jpg,1,8
,Business Vocabulary in Use. Advanced. Book with Answers,2220.00,700674.jpg,1,38
,Разговорный английский в диалогах. Учебное пособие,1140.00,730838.jpg,1,2
,Английский без барьеров. For beginners,420.00,722958.jpg,1,44
,Pocket English Grammar (Карманная грамматика английского языка). Справочное пособие,390.00,690825.jpg,1,49
,Evolve. Level 1. Student's Book,1840.00,702640.jpg,2,38
,Реальный English. Как подружиться с грамматикой раз и навсегда,690.00,704508.jpg,1,29
,English Vocabulary in Use. Advanced. Book with Answers,1860.00,700703.jpg,2,38
,Быстрый английский. Тренажер по чтению,240.00,715170.jpg,1,17
,Деловой английский язык. (Бакалавриат и магистратура). Учебное пособие,1080.00,712853.jpg,1,2
,Английский язык. Самые нужные правила,180.00,729858.jpg,1,17
,Legal English. Английский язык для юристов. Учебник,2720.00,707289.jpg,1,49
,OK English! Все правила английского языка с упражнениями,370.00,694544.jpg,1,17
,Dive in! Orange,650.00,729200.jpg,1,6
,"Английская грамматика. Просто и понятно: правила, модели, упражнения. Учебное пособие",2060.00,716808.jpg,1,50
,Grammar in Use. Intermediate. Student's Book without Answers,1740.00,700903.jpg,2,38
,Современная английская грамматика в таблицах,340.00,721525.jpg,1,9
,Everyday Vocabulary + Grammar. For Intermediate Students. Учебное пособие,1180.00,722745.jpg,1,24
,English for Everyone. English Idioms,2290.00,715801.jpg,1,5
,Вся грамматика английского языка. Теория и практика,410.00,724335.jpg,1,17
,Говорим по-английски,220.00,706297.jpg,1,32
,Business Vocabulary in Use. Intermediate. Book with Answers and Enhanced ebook,2690.00,700676.jpg,1,38
,Безупречная английская грамматика. Простые правила и увлекательные тесты,720.00,723769.jpg,1,17
,Exam Booster For Advanced Without Ans Key + Audio,1300.00,714676.jpg,1,38
,Grammar in Use. Intermediate. Student's Book with Answers and Interactive eBook,2380.00,700900.jpg,2,38
,Английская грамматика в схемах и таблицах,170.00,713804.jpg,1,17
,Английский язык. Тренажер по чтению,170.00,710082.jpg,1,17
,Английский язык для технических специальностей. Учебное пособие,2550.00,730048.jpg,2,49
,"Интенсивный английский 4 в 1: говорим, читаем, пишем, слушаем",1840.00,716807.jpg,1,50
,Английские пословицы и поговорки. Учебное пособие,260.00,714143.jpg,2,47
,Super Minds. Level 3. Workbook with Online Resources,1200.00,701130.jpg,1,38
,Английский язык. Времена глаголов,150.00,710081.jpg,1,17
,Английский курсив: прописи,300.00,715875.jpg,2,3
,Английский язык. Фразовые глаголы,160.00,710083.jpg,1,17
,English for Beginners: Everyday English,330.00,693086.jpg,1,18
,Курс английской разговорной речи. Учебное пособие,1790.00,722820.jpg,1,50
,New Enterprise A2 Student's Book with DigiBooks App,1650.00,701882.jpg,1,8
,Business Vocabulary in Use. Advanced. Book with Answers and Enhanced ebook,2840.00,700675.jpg,1,38
,Prepare. Level 2. Student's Book,1780.00,701088.jpg,2,38
,Your Space Level 2 Student's Book,1380.00,701151.jpg,1,38
,Вся английская грамматика в схемах и таблицах,370.00,729025.jpg,2,17
,Dive in! Green,640.00,729199.jpg,2,6
,English Grammar Today Book with Workbook,4110.00,700707.jpg,2,38
,Разговорная грамматика английского языка,360.00,725306.jpg,1,17
,Think. Level 3. B1+. Workbook with Online Practice,1140.00,701138.jpg,1,38
,Английский язык за 3 месяца. Быстрый восстановитель знаний,270.00,714131.jpg,1,17
,Prepare. Level 4. B1. Student's Book,1810.00,701097.jpg,1,38
,Английский язык. Идиомы (полезные карточки),140.00,729857.jpg,1,17
,Английский язык. Все времена и глаголы в схемах и таблицах,350.00,729495.jpg,1,17
,Английский с нуля. Учебное пособие,1840.00,716806.jpg,1,50
,English Vocabulary in Use. Elementary. Book with Answers and Enhanced eBook,2380.00,700704.jpg,1,38
,Каллиграфия. Английский курсив. Самоучитель,270.00,721737.jpg,2,3
,Ship or Sheep? An intermediate pronunciation course,2210.00,701112.jpg,1,38
,Eyes Open. Level 3. Workbook with Online Practice,1110.00,700891.jpg,1,38
,New Enterprise A2 - Grammar Book (with Digibooks App),1250.00,701883.jpg,1,8
,"Cracking the GRE Premium Edition with 6 Practice Tests, 2020",3110.00,730252.jpg,1,1
,Prepare. Level 5. B1. Student's Book,1790.00,701098.jpg,1,38
,Английский язык для менеджеров. Учебное пособие,1280.00,693032.jpg,1,50
,Учебник английского языка. Часть 2,690.00,717996.jpg,1,36
,Быстрый английский для начинающих,230.00,714137.jpg,1,17
,Prepare. Level 3. A2. Student's Book,1810.00,701094.jpg,1,38
,Тренажер по чтению. Самый быстрый способ выучить английский язык,120.00,718058.jpg,2,17
,English Vocabulary in Use. Upper-Intermediate. Book with Answers,1890.00,700705.jpg,1,38
,Professional English for PR Students: People and Society,780.00,716803.jpg,1,50
,Английский язык. Идиомы,130.00,713805.jpg,1,17
,Elementary Vocabulary + Grammar. Foe Beginners and Pre-Intermediate Students. Учебное пособие,960.00,731489.jpg,2,24
,Самый быстрый способ выучить неправильные английские глаголы,70.00,718057.jpg,1,17
,English Grammar in Use. Book without Answers,1760.00,700691.jpg,2,38
,Английская грамматика. Самое важное. Учебное пособие (мини),80.00,726085.jpg,1,7
,Grammar in Use Intermediate Student's Book with Answers Self-study Reference and Practice,1950.00,700901.jpg,1,38
,English Grammar in Use. Book with Answers,1950.00,700689.jpg,1,38
,Английский для малышей и мам @my_english_baby. Как воспитать билингвального ребенка,390.00,718408.jpg,1,17
,Грамматический профиль. Grammar Profile. Учебное пособие,450.00,710904.jpg,2,47
,Английский язык на пальцах,360.00,712495.jpg,2,17
,Prepare. Level 2. A2. Workbook with Audio Download,1340.00,701093.jpg,1,38
,Учебник английского языка. Часть 1,710.00,713136.jpg,1,36
,Грамматика английского языка. Просто и доступно. Учебное пособие,450.00,696499.jpg,2,47
,Безупречный английский. Самоучитель для начинающих,680.00,727495.jpg,1,17
,Your Space. Level 1. Student's Book,1370.00,701149.jpg,1,38
